post_id,field,missing_relative_path
3eed300e-20b0-401e-99ab-743680c10f24,fetured_image_url,012021/375295862__img_0.jpeg
433f092f-5bc1-4786-b2d9-89143dd7da89,fetured_image_url,032021/1953761657__58ae2c2e-5622-4e69-b559-1a2723515daa.jpeg
a3f0f001-8085-4df9-a7c8-1e65a56d2638,fetured_image_url,032021/1222917119__924a243e-6ec7-4d23-a299-84ab56112d66.jpeg
7feff39b-87e4-43cb-a1b5-80130cc4de14,fetured_image_url,032021/1911990937__160411178_10158941980023911_970968481478499161_o.jpeg
646c51d2-9892-43ce-98ac-33037924632b,fetured_image_url,022021/691915589__148079154_10159311275348746_7535878034063577035_o.jpeg
a5055243-76f5-49da-b2a2-37551f7bf209,fetured_image_url,012021/82232877__img_2.jpeg
a6eda19f-30f8-428f-9df4-757ffb56ef6d,fetured_image_url,012021/2037186759__90cdede9-0190-4b38-a5d7-8c1a189fd0e4.jpeg
211e8260-c146-438a-941d-d9fffeff0fe3,fetured_image_url,012021/420241348__img_6.jpeg
87e52f85-1cd3-4b4b-8bef-9375e4436a66,fetured_image_url,012021/53179493__img_0.jpeg
73e3798d-6c1d-4b52-9ed2-743bc70a361f,fetured_image_url,012021/939707951__img_2.jpeg
e4732520-b491-46a6-aedb-0cfa1ff80937,fetured_image_url,012021/403141238__img_0.jpeg
01388cac-11a2-4cdc-ba81-3cacb7bb0bdb,fetured_image_url,012021/403141238__img_0.jpeg
6fd575e7-02f0-49a5-8a3a-e1f85be0973a,fetured_image_url,012021/139261306__veteriner_isleri_mudurlugu_kuduz_asisi_hizmet.jpeg
f5a1bd51-0646-4ff0-b589-76eb15625cb1,fetured_image_url,012021/1416357184__img_0.jpeg
de8fb6a1-d7a1-4ae9-92a6-3a8696ca3e53,fetured_image_url,012021/696430825__img_3.jpeg
f1d04c44-0316-4ca6-976a-4e6b5601cd94,fetured_image_url,012021/1574111669__img_4.jpeg
4d62dc66-b2de-446f-8734-957efcb1e912,fetured_image_url,012021/1574111669__img_4.jpeg
f351bd7b-71d6-4d4d-9a4a-d46891fc5576,fetured_image_url,012021/1480215651__img_0.jpeg
e206127d-56a6-4167-8f36-846ea593085e,fetured_image_url,012021/292306931__img_2.jpeg
0f041603-f27b-4c60-8ceb-67d06bcc9917,fetured_image_url,012021/1459854290__img_0.jpeg
dde27c74-18cb-4320-87b6-48c87f795b62,fetured_image_url,012021/653135264__img_0.jpeg
c791ac27-3e29-4332-b611-d163344ae841,fetured_image_url,012021/1118100363__img_0.jpeg
be79ae0d-3c27-4ef9-a885-1a11ca7ceabb,fetured_image_url,012021/291240349__img_0.jpeg
f3a990f2-9b8c-43d5-b16f-29eb30fa95bc,fetured_image_url,012021/1673616361__img_3.jpeg
a8ce3e3e-58ab-432d-aada-5ec64e1aaa00,fetured_image_url,012021/469350118__img_0.jpeg
4b2313f7-daec-428f-858d-56b388a2abca,fetured_image_url,012021/751095396__img_0.jpeg
0b4518b5-4484-4aef-b6f5-74a257b18cc1,fetured_image_url,012021/658384293__img_0.jpeg
274bbc0d-4410-489d-8fdc-1dee93fcffff,fetured_image_url,012021/594311097__img_4.jpeg
f492e404-e8be-4027-a59e-2d41cc7e7310,fetured_image_url,012021/836865154__img_0.jpeg
abc5888a-1e91-4d3c-96d0-8f59c065c84f,fetured_image_url,012021/289493499__img_0.jpeg
760d30c4-c792-46cc-85ae-78c241285df3,fetured_image_url,012021/1639240802__img_0.jpeg
fef9a924-f94e-4a4e-8919-16ff3c054080,fetured_image_url,012021/1186854364__img_0.jpeg
92ea9a12-a913-410c-9d4d-ac8268525652,fetured_image_url,012021/27492002__img_1.jpeg
4bf7dae8-c6c4-448d-9fe8-fd3bd335bf7a,fetured_image_url,012021/1652596306__img_0.jpeg
ad936df2-d692-470b-91c9-82d6b78c0cac,fetured_image_url,012021/733645__img_0.jpeg
d6edea8f-4bd9-4816-96f3-959a044455bf,fetured_image_url,012021/1329691749__img_2.jpeg
dbf46a7d-d7fb-4c6c-a306-2e97f105b098,fetured_image_url,012021/416253181__img_0.jpeg
2efae965-a8b6-4baa-a886-3a9670381c7b,fetured_image_url,012021/2034735403__img_0.jpeg
ed0c7e3a-54f9-46b6-8f44-561b2b969548,fetured_image_url,012021/1859524558__img_1.jpeg
eba412fe-3996-4188-aa9e-9b3c144cd26d,fetured_image_url,012021/1231290455__img_1.jpeg
7c3a3adf-2ade-4f04-aa2c-5e98a21738ac,fetured_image_url,012021/1806443503__img_3.jpeg
e7c6848c-23fb-4168-bc89-5ccfb7cfcadb,fetured_image_url,012021/89668958__img_0.jpeg
dc790eca-38d7-4690-9f34-6af69dd531f3,fetured_image_url,012021/1980615314__img_0.jpeg
7909f80e-9ee9-47c4-8a3c-df7ee0c2be9c,fetured_image_url,012021/1416676084__img_1.jpeg
070a1be6-fa87-4138-9b4b-f9709a1bf172,fetured_image_url,012021/1416676084__img_1.jpeg
35c35034-5562-4220-97d9-e5c99bed6296,fetured_image_url,012021/1932729881__img_0.jpeg
93efa2e1-3b72-45db-b8e0-d9689bbff806,fetured_image_url,012021/1005543319__img_0.jpeg
f8c67973-ff4e-4be0-bcdd-245a7a00db73,fetured_image_url,012021/1458387976__img_0.jpeg
7543e311-7277-471b-b485-d97142f21ac1,fetured_image_url,012021/1458387976__img_0.jpeg
327dffc5-e397-4272-8e2c-76d7d37b535d,fetured_image_url,012021/1520134047__img_0.jpeg
a0a758be-f1fe-4410-899a-12559b9e9aa6,fetured_image_url,012021/1366711667__img_0.jpeg
672263c4-c658-4e6c-aa3e-a62807314632,fetured_image_url,012021/194789514__img_1.jpeg
e2859139-4866-4b47-93a9-2c3ecfa13b8f,fetured_image_url,012021/1544595454__img_0.jpeg
d35f244e-f81d-4453-bd75-d0e64cde9b29,fetured_image_url,012021/1200826176__img_0.jpeg
f3a54dae-4d69-43bf-9913-631e465a0121,fetured_image_url,012021/31292047__img_0.jpeg
87a97d45-182e-4053-8f5d-6c2e5c5775e1,fetured_image_url,012021/1754518342__img_0.jpeg
03741e80-8b27-426f-a622-57d5fea78122,fetured_image_url,012021/433158243__img_0.jpeg
9f202287-f8d9-44dd-9996-f48327257d96,fetured_image_url,012021/382849344__img_0.jpeg
f8160bd5-6df1-442d-a02e-edccff5d6ea1,fetured_image_url,012021/1430094216__img_0.jpeg
ff055df2-465c-4659-a744-2cd9b28163df,fetured_image_url,012021/1971779906__img_1.jpeg
ea8c7256-33be-4294-b14d-0c19d2c56d43,fetured_image_url,012021/1138848944__img_0.jpeg
a086640a-68f8-4283-9290-2d056bd936b9,fetured_image_url,012021/256189963__img_0.jpeg
322d68f1-bf68-4909-9e6f-61dc78ffcea5,fetured_image_url,032021/1740708808__8mart.jpeg
e1238e64-2804-4731-a913-306c1e434a23,fetured_image_url,032021/1760039173__f4ea98e3-2c3b-48c5-87c3-a697798f6804_(1).jpeg
574570f7-0a6c-416b-ab8c-20245ff61610,fetured_image_url,012021/447075412__img_0.jpeg
26197422-0964-483a-a684-1fe08c1c00c9,fetured_image_url,012021/1371105632__img_0.jpeg
5ca126f4-65c7-4775-bf4a-83e6bebc34bc,fetured_image_url,102021/1047300491__247094298_4543900209003325_3138609760041760537_n.jpeg
5ca126f4-65c7-4775-bf4a-83e6bebc34bc,markdown_content,102021/1185091850__247984619_4543900485669964_5422898147721707650_n.jpeg
5ca126f4-65c7-4775-bf4a-83e6bebc34bc,markdown_content,102021/1231825107__247144999_4543900822336597_2717427041904189598_n.jpeg
5ca126f4-65c7-4775-bf4a-83e6bebc34bc,markdown_content,102021/1047300491__247094298_4543900209003325_3138609760041760537_n.jpeg
